step,gini
0,0.033081
1,0.042231
2,0.047492
3,0.056269
4,0.065678
5,0.078170
6,0.085639
7,0.079930
8,0.099332
9,0.091600
10,0.089477
11,0.105717
12,0.122570
13,0.118231
14,0.114384
15,0.113530
16,0.121804
17,0.129760
18,0.137430
19,0.133332
20,0.121767
21,0.116528
22,0.115546
23,0.101556
24,0.101156
25,0.101040
26,0.104925
27,0.110878
28,0.098704
29,0.108371
30,0.105718
31,0.102740
32,0.103264
33,0.109261
34,0.114601
35,0.121217
36,0.129963
37,0.130612
38,0.142536
39,0.136807
40,0.134681
41,0.125622
42,0.121214
43,0.136518
44,0.134847
45,0.137907
46,0.127102
47,0.139727
48,0.147437
49,0.152003
50,0.140967
51,0.135117
52,0.131989
53,0.128349
54,0.128650
55,0.136106
56,0.131713
57,0.141929
58,0.142967
59,0.133711
60,0.134187
61,0.140937
62,0.131394
63,0.138778
64,0.150530
65,0.146455
66,0.139966
67,0.142708
68,0.150348
69,0.143381
70,0.151320
71,0.142662
72,0.156985
73,0.171261
74,0.168156
75,0.178120
76,0.176417
77,0.176759
78,0.162392
79,0.155227
80,0.148947
81,0.132125
82,0.131387
83,0.125859
84,0.121679
85,0.121331
86,0.121679
87,0.136758
88,0.138195
89,0.134810
90,0.137113
91,0.139234
92,0.139955
93,0.137727
94,0.139210
95,0.146166
96,0.140933
97,0.144044
98,0.145263
99,0.149581
100,0.153968
101,0.163883
102,0.172065
103,0.175161
104,0.164429
105,0.159957
106,0.153721
107,0.153760
108,0.150167
109,0.142362
110,0.145719
111,0.153025
112,0.163481
113,0.160697
114,0.167435
115,0.167834
116,0.153797
117,0.151098
118,0.152683
119,0.157632
120,0.158176
121,0.146079
122,0.136459
123,0.129162
124,0.127160
125,0.133628
126,0.129548
127,0.130384
128,0.129509
129,0.129603
130,0.123872
131,0.120798
132,0.132767
133,0.141843
134,0.141918
135,0.147891
136,0.143632
137,0.157125
138,0.138118
139,0.128461
140,0.129470
141,0.144333
142,0.137886
143,0.150648
144,0.163084
145,0.163356
146,0.162117
147,0.165630
148,0.167114
149,0.175462
150,0.177195
151,0.177945
152,0.195997
153,0.193295
154,0.193914
155,0.205361
156,0.200706
157,0.201403
158,0.209239
159,0.202354
160,0.208895
161,0.209131
162,0.197345
163,0.189932
164,0.183558
165,0.185862
166,0.193973
167,0.184656
168,0.180383
169,0.176323
170,0.172270
171,0.167936
172,0.152515
173,0.147393
174,0.146474
175,0.150525
176,0.156786
177,0.161594
178,0.164978
179,0.162023
180,0.156261
181,0.155381
182,0.149579
183,0.152695
184,0.153630
185,0.163762
186,0.174682
187,0.173514
188,0.174360
189,0.189695
190,0.200480
191,0.195507
192,0.191262
193,0.191228
194,0.171378
195,0.179564
196,0.192763
197,0.181045
198,0.169684
199,0.170069
200,0.176792
201,0.171835
202,0.156697
203,0.169935
204,0.170917
205,0.164001
206,0.153523
207,0.158129
208,0.164237
209,0.172079
210,0.174983
211,0.177092
212,0.172693
213,0.177418
214,0.167400
215,0.155870
216,0.149377
217,0.161516
218,0.162847
219,0.174019
220,0.166768
221,0.155836
222,0.153240
223,0.150944
224,0.140788
225,0.142001
226,0.151046
227,0.149344
228,0.154065
229,0.155261
230,0.156824
231,0.164509
232,0.155096
233,0.157144
234,0.161656
235,0.158627
236,0.164043
237,0.163120
238,0.164749
239,0.173380
240,0.175067
241,0.173171
242,0.177481
243,0.172289
244,0.179958
245,0.181500
246,0.169081
247,0.182616
248,0.177723
249,0.169741
250,0.180698
251,0.174131
252,0.159747
253,0.154248
254,0.148620
255,0.137329
256,0.133734
257,0.146120
258,0.139150
259,0.143828
260,0.150572
261,0.143660
262,0.142413
263,0.146646
264,0.146353
265,0.145388
266,0.145776
267,0.147864
268,0.145500
269,0.143920
270,0.139047
271,0.128208
272,0.151618
273,0.134447
274,0.148387
275,0.143597
276,0.152858
277,0.145804
278,0.156424
279,0.160072
280,0.156052
281,0.149072
282,0.148657
283,0.147592
284,0.154015
285,0.154667
286,0.142899
287,0.136191
288,0.138763
289,0.152002
290,0.137649
291,0.129669
292,0.135036
293,0.142079
294,0.138794
295,0.149539
296,0.160182
297,0.151180
298,0.156178
299,0.162212
300,0.158286
301,0.148916
302,0.155940
303,0.163029
304,0.162501
305,0.158279
306,0.163711
307,0.151316
308,0.152553
309,0.158898
310,0.151651
311,0.149414
312,0.150528
313,0.150809
314,0.150294
315,0.140693
316,0.145579
317,0.133233
318,0.136861
319,0.135018
320,0.133850
321,0.137449
322,0.139141
323,0.149364
324,0.153660
325,0.159681
326,0.151936
327,0.144501
328,0.139051
329,0.140568
330,0.148631
331,0.139060
332,0.137637
333,0.143224
334,0.149302
335,0.160496
336,0.160111
337,0.157571
338,0.166646
339,0.156446
340,0.155344
341,0.157735
342,0.145620
343,0.135007
344,0.143050
345,0.139366
346,0.143253
347,0.158009
348,0.158541
349,0.144994
350,0.145391
351,0.156721
352,0.164984
353,0.175143
354,0.165154
355,0.181098
356,0.190648
357,0.188239
358,0.179553
359,0.180098
360,0.185608
361,0.177698
362,0.174362
363,0.165505
364,0.156131
365,0.145619
366,0.148325
367,0.155478
368,0.151929
369,0.152721
370,0.137214
371,0.124163
372,0.114072
373,0.101088
374,0.113289
375,0.112056
376,0.114081
377,0.102669
378,0.105400
379,0.105375
380,0.102866
381,0.098141
382,0.113173
383,0.116431
384,0.101113
385,0.094004
386,0.091994
387,0.086384
388,0.098126
389,0.107349
390,0.102678
391,0.102011
392,0.107891
393,0.121972
394,0.121527
395,0.123572
396,0.127652
397,0.136208
398,0.129100
399,0.133083
400,0.128492
401,0.108507
402,0.104861
403,0.101179
404,0.096310
405,0.105747
406,0.114684
407,0.111179
408,0.110305
409,0.105717
410,0.104800
411,0.109042
412,0.104823
413,0.114574
414,0.117208
415,0.128399
416,0.126710
417,0.116125
418,0.113169
419,0.113370
420,0.108694
421,0.092204
422,0.083150
423,0.087180
424,0.096015
425,0.098840
426,0.101893
427,0.101602
428,0.098870
429,0.087789
430,0.085633
431,0.089919
432,0.090845
433,0.096097
434,0.105414
435,0.116115
436,0.115873
437,0.109775
438,0.112385
439,0.111899
440,0.120653
441,0.133889
442,0.135212
443,0.122422
444,0.115307
445,0.116568
446,0.120037
447,0.120258
448,0.112378
449,0.110983
450,0.104851
451,0.093811
452,0.100244
453,0.099429
454,0.098769
455,0.093708
456,0.092031
457,0.089368
458,0.100069
459,0.100101
460,0.095990
461,0.096162
462,0.111932
463,0.111775
464,0.110919
465,0.113662
466,0.103279
467,0.096605
468,0.105502
469,0.104757
470,0.109769
471,0.107937
472,0.098388
473,0.102152
474,0.110263
475,0.103618
476,0.105159
477,0.109316
478,0.120229
479,0.124071
480,0.114167
481,0.121081
482,0.122828
483,0.122622
484,0.130940
485,0.137717
486,0.146442
487,0.149475
488,0.159743
489,0.141966
490,0.149605
491,0.151722
492,0.148548
493,0.138640
494,0.143704
495,0.155083
496,0.135532
497,0.137952
498,0.124275
499,0.118508
500,0.117872
501,0.122048
502,0.114493
503,0.120620
504,0.120082
505,0.132455
506,0.131755
507,0.136883
508,0.138703
509,0.144777
510,0.149970
511,0.151286
512,0.158234
513,0.161636
514,0.163153
515,0.163637
516,0.162388
517,0.156801
518,0.159707
519,0.163518
520,0.165648
521,0.166702
522,0.172466
523,0.167373
524,0.162911
525,0.168655
526,0.168286
527,0.160158
528,0.147052
529,0.141643
530,0.141876
531,0.146953
532,0.156062
533,0.144592
534,0.137427
535,0.124176
536,0.123775
537,0.131484
538,0.133222
539,0.143024
540,0.153346
541,0.149546
542,0.143424
543,0.142929
544,0.143496
545,0.145499
546,0.137332
547,0.146208
548,0.148817
549,0.148769
550,0.140470
551,0.140159
552,0.123545
553,0.110101
554,0.104916
555,0.107859
556,0.113081
557,0.123001
558,0.111841
559,0.123074
560,0.122972
561,0.121463
562,0.135021
563,0.136262
564,0.139422
565,0.126430
566,0.129603
567,0.125857
568,0.117170
569,0.126555
570,0.134926
571,0.132940
572,0.136712
573,0.127796
574,0.144278
575,0.135095
576,0.137815
577,0.148304
578,0.154363
579,0.166707
580,0.159763
581,0.158429
582,0.154175
583,0.164572
584,0.159863
585,0.188333
586,0.191558
587,0.190820
588,0.194045
589,0.201734
590,0.203799
591,0.196321
592,0.202700
593,0.197462
594,0.191933
595,0.205909
596,0.202475
597,0.217474
598,0.224139
599,0.220749
600,0.217837
601,0.209270
602,0.203816
603,0.220682
604,0.217232
605,0.214897
606,0.213659
607,0.217578
608,0.208513
609,0.217250
610,0.220150
611,0.217364
612,0.217022
613,0.225773
614,0.216378
615,0.205830
616,0.208729
617,0.200980
618,0.203491
619,0.189532
620,0.188336
621,0.182631
622,0.161627
623,0.159512
624,0.164593
625,0.166556
626,0.167791
627,0.183445
628,0.191762
629,0.184552
630,0.172538
631,0.175926
632,0.170373
633,0.171625
634,0.165286
635,0.161147
636,0.148265
637,0.138231
638,0.149829
639,0.153123
640,0.142833
641,0.140343
642,0.129803
643,0.130299
644,0.119932
645,0.116151
646,0.118966
647,0.126711
648,0.126477
649,0.121927
650,0.121246
651,0.118484
652,0.115984
653,0.129626
654,0.124973
655,0.119022
656,0.131264
657,0.135064
658,0.120747
659,0.108775
660,0.110914
661,0.115833
662,0.126652
663,0.138190
664,0.140023
665,0.134095
666,0.128895
667,0.123611
668,0.112297
669,0.108470
670,0.124677
671,0.111220
672,0.108897
673,0.114643
674,0.117932
675,0.116081
676,0.110848
677,0.117988
678,0.126276
679,0.110367
680,0.100681
681,0.111164
682,0.106135
683,0.108322
684,0.107372
685,0.105902
686,0.103601
687,0.124613
688,0.132638
689,0.130807
690,0.134941
691,0.128081
692,0.122268
693,0.130129
694,0.124339
695,0.128947
696,0.138208
697,0.136306
698,0.149300
699,0.147542
700,0.139314
701,0.127038
702,0.141211
703,0.145224
704,0.137118
705,0.132655
706,0.130982
707,0.134297
708,0.135149
709,0.127525
710,0.128416
711,0.126319
712,0.132049
713,0.136575
714,0.137467
715,0.139591
716,0.136102
717,0.125138
718,0.126678
719,0.126673
720,0.139706
721,0.133808
722,0.138827
723,0.152019
724,0.147903
725,0.162367
726,0.175281
727,0.174125
728,0.182951
729,0.170741
730,0.173959
731,0.175269
732,0.177160
733,0.163798
734,0.180653
735,0.175974
736,0.184935
737,0.185488
738,0.190838
739,0.197741
740,0.191272
741,0.188359
742,0.175081
743,0.175050
744,0.173201
745,0.190138
746,0.200806
747,0.210293
748,0.195024
749,0.198718
750,0.185317
751,0.174846
752,0.167681
753,0.163947
754,0.152459
755,0.142515
756,0.133905
757,0.122481
758,0.118861
759,0.118092
760,0.110113
761,0.114208
762,0.113198
763,0.120090
764,0.122036
765,0.119096
766,0.133446
767,0.138579
768,0.151515
769,0.154548
770,0.153098
771,0.148323
772,0.135093
773,0.137238
774,0.121897
775,0.127391
776,0.133223
777,0.131169
778,0.122426
779,0.125632
780,0.130825
781,0.135443
782,0.133693
783,0.144345
784,0.131138
785,0.146453
786,0.141826
787,0.133340
788,0.134605
789,0.130019
790,0.118775
791,0.115574
792,0.120714
793,0.109433
794,0.113603
795,0.109902
796,0.108945
797,0.110017
798,0.104481
799,0.109180
800,0.108255
801,0.102480
802,0.115408
803,0.113290
804,0.122281
805,0.134133
806,0.148132
807,0.133379
808,0.122642
809,0.116112
810,0.108756
811,0.107405
812,0.104938
813,0.107680
814,0.110207
815,0.100339
816,0.100139
817,0.108092
818,0.112985
819,0.109945
820,0.103132
821,0.103482
822,0.109061
823,0.120236
824,0.136022
825,0.122870
826,0.121695
827,0.110951
828,0.110048
829,0.102201
830,0.107406
831,0.104737
832,0.116237
833,0.110063
834,0.104079
835,0.101854
836,0.093876
837,0.105334
838,0.104213
839,0.098169
840,0.107235
841,0.118678
842,0.121616
843,0.118218
844,0.128559
845,0.134702
846,0.133222
847,0.136517
848,0.132701
849,0.130944
850,0.140979
851,0.129886
852,0.135988
853,0.124230
854,0.125689
855,0.124179
856,0.127860
857,0.138259
858,0.130667
859,0.127673
860,0.143109
861,0.143615
862,0.149492
863,0.147958
864,0.150423
865,0.157752
866,0.156207
867,0.152835
868,0.145944
869,0.142307
870,0.143035
871,0.140121
872,0.154519
873,0.153112
874,0.166328
875,0.166076
876,0.164970
877,0.164946
878,0.167678
879,0.152214
880,0.145984
881,0.151354
882,0.151625
883,0.157114
884,0.158448
885,0.169097
886,0.168405
887,0.174915
888,0.185292
889,0.181288
890,0.181802
891,0.186351
892,0.199181
893,0.193302
894,0.189634
895,0.192153
896,0.194704
897,0.190091
898,0.189494
899,0.183556
900,0.171053
901,0.173724
902,0.168397
903,0.168523
904,0.159911
905,0.172583
906,0.156526
907,0.152708
908,0.159233
909,0.169053
910,0.171915
911,0.176205
912,0.169728
913,0.162772
914,0.149960
915,0.142192
916,0.140990
917,0.159672
918,0.167087
919,0.162478
920,0.162817
921,0.169812
922,0.166516
923,0.159912
924,0.161441
925,0.168970
926,0.177640
927,0.173229
928,0.165046
929,0.181308
930,0.181831
931,0.173667
932,0.174049
933,0.192945
934,0.189017
935,0.189313
936,0.190148
937,0.200421
938,0.190114
939,0.193245
940,0.178144
941,0.186331
942,0.182380
943,0.190640
944,0.197945
945,0.203217
946,0.202779
947,0.192850
948,0.206017
949,0.197576
950,0.191421
951,0.180409
952,0.181496
953,0.193989
954,0.212748
955,0.192351
956,0.205356
957,0.198214
958,0.190498
959,0.184244
960,0.181424
961,0.176387
962,0.199395
963,0.200705
964,0.193591
965,0.195019
966,0.183218
967,0.188342
968,0.188385
969,0.191723
970,0.190011
971,0.180582
972,0.176865
973,0.175069
974,0.175221
975,0.172696
976,0.165419
977,0.159863
978,0.167802
979,0.176879
980,0.173557
981,0.184121
982,0.190101
983,0.188249
984,0.188638
985,0.192464
986,0.184804
987,0.188623
988,0.194239
989,0.181389
990,0.189656
991,0.190055
992,0.181325
993,0.174315
994,0.171780
995,0.172498
996,0.164833
997,0.156574
998,0.148104
999,0.150211
1000,0.142495
1001,0.135173
1002,0.128047
1003,0.140944
1004,0.133246
1005,0.138851
1006,0.143054
1007,0.148234
1008,0.143819
1009,0.147131
1010,0.157505
1011,0.147509
1012,0.146577
1013,0.147621
1014,0.162101
1015,0.164341
1016,0.156547
1017,0.168371
1018,0.148523
1019,0.152053
1020,0.150356
1021,0.152142
1022,0.150676
1023,0.146976
1024,0.148408
1025,0.158936
1026,0.164781
1027,0.163834
1028,0.172355
1029,0.164759
1030,0.153958
1031,0.147575
1032,0.142076
1033,0.141101
1034,0.140945
1035,0.137812
1036,0.148404
1037,0.143657
1038,0.149310
1039,0.162416
1040,0.149944
1041,0.141308
1042,0.144590
1043,0.136764
1044,0.137384
1045,0.138700
1046,0.131625
1047,0.133964
1048,0.136188
1049,0.149375
1050,0.159108
1051,0.148282
1052,0.143331
1053,0.146797
1054,0.139200
1055,0.132047
1056,0.134857
1057,0.127950
1058,0.147460
1059,0.155484
1060,0.164895
1061,0.162906
1062,0.136753
1063,0.135236
1064,0.131612
1065,0.139115
1066,0.124157
1067,0.126885
1068,0.139998
1069,0.137945
1070,0.136934
1071,0.145145
1072,0.157031
1073,0.159940
1074,0.150081
1075,0.143186
1076,0.137993
1077,0.129642
1078,0.125660
1079,0.123832
1080,0.110618
1081,0.097492
1082,0.092175
1083,0.087779
1084,0.094557
1085,0.101424
1086,0.110156
1087,0.114050
1088,0.119733
1089,0.114996
1090,0.095786
1091,0.096516
1092,0.085639
1093,0.092703
1094,0.100716
1095,0.106134
1096,0.103983
1097,0.121505
1098,0.112859
1099,0.120925
1100,0.128203
1101,0.132230
1102,0.136907
1103,0.132352
1104,0.132911
1105,0.128097
1106,0.129002
1107,0.130015
1108,0.138202
1109,0.138088
1110,0.139272
1111,0.131815
1112,0.136293
1113,0.118262
1114,0.116937
1115,0.114490
1116,0.108337
1117,0.113024
1118,0.120836
1119,0.116378
1120,0.103179
1121,0.111470
1122,0.117350
1123,0.116571
1124,0.126339
1125,0.125334
1126,0.135771
1127,0.137831
1128,0.145975
1129,0.132034
1130,0.132569
1131,0.135048
1132,0.130148
1133,0.129854
1134,0.123266
1135,0.126186
1136,0.117210
1137,0.127464
1138,0.129356
1139,0.122120
1140,0.110491
1141,0.120099
1142,0.112891
1143,0.118497
1144,0.117950
1145,0.120938
1146,0.137276
1147,0.134428
1148,0.124267
1149,0.134633
1150,0.130411
1151,0.136294
1152,0.137674
1153,0.142737
1154,0.140047
1155,0.146327
1156,0.148158
1157,0.146490
1158,0.143958
1159,0.141492
1160,0.142742
1161,0.137768
1162,0.150214
1163,0.161947
1164,0.173700
1165,0.160757
1166,0.164747
1167,0.157982
1168,0.148342
1169,0.147460
1170,0.141737
1171,0.146107
1172,0.143173
1173,0.153132
1174,0.144211
1175,0.147434
1176,0.142870
1177,0.145134
1178,0.140535
1179,0.153918
1180,0.147149
1181,0.140094
1182,0.136092
1183,0.122021
1184,0.115406
1185,0.115164
1186,0.123540
1187,0.114925
1188,0.123844
1189,0.116365
1190,0.118807
1191,0.116235
1192,0.121962
1193,0.110819
1194,0.118909
1195,0.103846
1196,0.099061
1197,0.106844
1198,0.098816
1199,0.090992
1200,0.086751
1201,0.081942
1202,0.081614
1203,0.084222
1204,0.084669
1205,0.080242
1206,0.083975
1207,0.074685
1208,0.088116
1209,0.087636
1210,0.084963
1211,0.084745
1212,0.095941
1213,0.101326
1214,0.109803
1215,0.124852
1216,0.112646
1217,0.113240
1218,0.123028
1219,0.121083
1220,0.129204
1221,0.125717
1222,0.132803
1223,0.134925
1224,0.143150
1225,0.153453
1226,0.159519
1227,0.166759
1228,0.168250
1229,0.165739
1230,0.163467
1231,0.162770
1232,0.165139
1233,0.168221
1234,0.177007
1235,0.172603
1236,0.180146
1237,0.171738
1238,0.159149
1239,0.154159
1240,0.162343
1241,0.156939
1242,0.148753
1243,0.139217
1244,0.142120
1245,0.144044
1246,0.159094
1247,0.152549
1248,0.151142
1249,0.154422
1250,0.158815
1251,0.145463
1252,0.145826
1253,0.140372
1254,0.137495
1255,0.137984
1256,0.137813
1257,0.140292
1258,0.138885
1259,0.142988
1260,0.159108
1261,0.158953
1262,0.138845
1263,0.146282
1264,0.142729
1265,0.138183
1266,0.138395
1267,0.135336
1268,0.143095
1269,0.156256
1270,0.153415
1271,0.167976
1272,0.158987
1273,0.155252
1274,0.154234
1275,0.142911
1276,0.140616
1277,0.137246
1278,0.134986
1279,0.144266
1280,0.134748
1281,0.123405
1282,0.127975
1283,0.119710
1284,0.127279
1285,0.131721
1286,0.130272
1287,0.128804
1288,0.134149
1289,0.119489
1290,0.113988
1291,0.119820
1292,0.113551
1293,0.112093
1294,0.106752
1295,0.112396
1296,0.111258
1297,0.119722
1298,0.107938
1299,0.115229
1300,0.120070
1301,0.129860
1302,0.134338
1303,0.140994
1304,0.151378
1305,0.157946
1306,0.150600
1307,0.158144
1308,0.155398
1309,0.154588
1310,0.141178
1311,0.149049
1312,0.146165
1313,0.154511
1314,0.149953
1315,0.141740
1316,0.149141
1317,0.155390
1318,0.157399
1319,0.141797
1320,0.152201
1321,0.153104
1322,0.154616
1323,0.158097
1324,0.154621
1325,0.150826
1326,0.158994
1327,0.158974
1328,0.148090
1329,0.151245
1330,0.154032
1331,0.156071
1332,0.158659
1333,0.171687
1334,0.171150
1335,0.163398
1336,0.160853
1337,0.159524
1338,0.153652
1339,0.158993
1340,0.163124
1341,0.161630
1342,0.159864
1343,0.168535
1344,0.164568
1345,0.163207
1346,0.157488
1347,0.148469
1348,0.151579
1349,0.151697
1350,0.153439
1351,0.154692
1352,0.152776
1353,0.165011
1354,0.170151
1355,0.156582
1356,0.161639
1357,0.159138
1358,0.155653
1359,0.160316
1360,0.174378
1361,0.178254
1362,0.169460
1363,0.155139
1364,0.150545
1365,0.152856
1366,0.148217
1367,0.150604
1368,0.149692
1369,0.158632
1370,0.165414
1371,0.174766
1372,0.162395
1373,0.153679
1374,0.147935
1375,0.151347
1376,0.145380
1377,0.149276
1378,0.146230
1379,0.151400
1380,0.151083
1381,0.158496
1382,0.161600
1383,0.173761
1384,0.166840
1385,0.169971
1386,0.165680
1387,0.165921
1388,0.168049
1389,0.178201
1390,0.162446
1391,0.159134
1392,0.159263
1393,0.167260
1394,0.161286
1395,0.165829
1396,0.165535
1397,0.168977
1398,0.178571
1399,0.169399
1400,0.166526
1401,0.174757
1402,0.175219
1403,0.171754
1404,0.178893
1405,0.181315
1406,0.193223
1407,0.204105
1408,0.196320
1409,0.182584
1410,0.172160
1411,0.164088
1412,0.167220
1413,0.154615
1414,0.169695
1415,0.171135
1416,0.170645
1417,0.179288
1418,0.197518
1419,0.196604
1420,0.192309
1421,0.204753
1422,0.193671
1423,0.188931
1424,0.180812
1425,0.183534
1426,0.187768
1427,0.182283
1428,0.185070
1429,0.181152
1430,0.175136
1431,0.175165
1432,0.168720
1433,0.162203
1434,0.165114
1435,0.168466
1436,0.140595
1437,0.139910
1438,0.132967
1439,0.131756
1440,0.124088
1441,0.113720
1442,0.110819
1443,0.124905
1444,0.136083
1445,0.154030
1446,0.152985
1447,0.155067
1448,0.156652
1449,0.149305
1450,0.148330
1451,0.141346
1452,0.125375
1453,0.135482
1454,0.142881
1455,0.142140
1456,0.130197
1457,0.128055
1458,0.128302
1459,0.123363
1460,0.125706
1461,0.113907
1462,0.111859
1463,0.115899
1464,0.111789
1465,0.111198
1466,0.107162
1467,0.096529
1468,0.102880
1469,0.106009
1470,0.116792
1471,0.120609
1472,0.131299
1473,0.133734
1474,0.137850
1475,0.131257
1476,0.126510
1477,0.126686
1478,0.117629
1479,0.118787
1480,0.105476
1481,0.112579
1482,0.118735
1483,0.116530
1484,0.107377
1485,0.111662
1486,0.106819
1487,0.117492
1488,0.108751
1489,0.107824
1490,0.110044
1491,0.120453
1492,0.120925
1493,0.121039
1494,0.126849
1495,0.112229
1496,0.119029
1497,0.118320
1498,0.117578
1499,0.089725
1500,0.086599
1501,0.090272
1502,0.095744
1503,0.101643
1504,0.103422
1505,0.102420
1506,0.117125
1507,0.127781
1508,0.126753
1509,0.130679
1510,0.136513
1511,0.127656
1512,0.118665
1513,0.107835
1514,0.118701
1515,0.131551
1516,0.119697
1517,0.112903
1518,0.122976
1519,0.136935
1520,0.151277
1521,0.154608
1522,0.156524
1523,0.160306
1524,0.167733
1525,0.163446
1526,0.159491
1527,0.155654
1528,0.161669
1529,0.156310
1530,0.158336
1531,0.172928
1532,0.168565
1533,0.177497
1534,0.189141
1535,0.179803
1536,0.173167
1537,0.166631
1538,0.157709
1539,0.158834
1540,0.159162
1541,0.157724
1542,0.157237
1543,0.160571
1544,0.160031
1545,0.161354
1546,0.162842
1547,0.149287
1548,0.147893
1549,0.140659
1550,0.140666
1551,0.138655
1552,0.141407
1553,0.140518
1554,0.151647
1555,0.157462
1556,0.158124
1557,0.173786
1558,0.177011
1559,0.167425
1560,0.168631
1561,0.161698
1562,0.153899
1563,0.162622
1564,0.175356
1565,0.172135
1566,0.170336
1567,0.173156
1568,0.172313
1569,0.164137
1570,0.156737
1571,0.165863
1572,0.157369
1573,0.157019
1574,0.173733
1575,0.174844
1576,0.181624
1577,0.171779
1578,0.179098
1579,0.189049
1580,0.189119
1581,0.195497
1582,0.202351
1583,0.200359
1584,0.180888
1585,0.169936
1586,0.171614
1587,0.166829
1588,0.169071
1589,0.168505
1590,0.166224
1591,0.168983
1592,0.161355
1593,0.170263
1594,0.185524
1595,0.189725
1596,0.191740
1597,0.201385
1598,0.199194
1599,0.191853
1600,0.193694
1601,0.198668
1602,0.195857
1603,0.202887
1604,0.206633
1605,0.197278
1606,0.198934
1607,0.208235
1608,0.209176
1609,0.204045
1610,0.208404
1611,0.202989
1612,0.200857
1613,0.212307
1614,0.214690
1615,0.216965
1616,0.200800
1617,0.201625
1618,0.201573
1619,0.207454
1620,0.204571
1621,0.196529
1622,0.189398
1623,0.196275
1624,0.197543
1625,0.203318
1626,0.196295
1627,0.192558
1628,0.183643
1629,0.165158
1630,0.178979
1631,0.173807
1632,0.174268
1633,0.172927
1634,0.180173
1635,0.166311
1636,0.170746
1637,0.169299
1638,0.172869
1639,0.183674
1640,0.183116
1641,0.173794
1642,0.172091
1643,0.163865
1644,0.170304
1645,0.161496
1646,0.166618
1647,0.184816
1648,0.169655
1649,0.157407
1650,0.156249
1651,0.152647
1652,0.152387
1653,0.157591
1654,0.150874
1655,0.151841
1656,0.146759
1657,0.122983
1658,0.133803
1659,0.128452
1660,0.144337
1661,0.147542
1662,0.140951
1663,0.144996
1664,0.141603
1665,0.135291
1666,0.125933
1667,0.133801
1668,0.140965
1669,0.144211
1670,0.144365
1671,0.147867
1672,0.138317
1673,0.128717
1674,0.125277
1675,0.129976
1676,0.139216
1677,0.143711
1678,0.156826
1679,0.150387
1680,0.162488
1681,0.147117
1682,0.145086
1683,0.140677
1684,0.157341
1685,0.171730
1686,0.173073
1687,0.172599
1688,0.176398
1689,0.167551
1690,0.158434
1691,0.156026
1692,0.161068
1693,0.153386
1694,0.152904
1695,0.155100
1696,0.151959
1697,0.160411
1698,0.146011
1699,0.137995
1700,0.135564
1701,0.142812
1702,0.147136
1703,0.157496
1704,0.163225
1705,0.160483
1706,0.161713
1707,0.159047
1708,0.151010
1709,0.139878
1710,0.135047
1711,0.142274
1712,0.149984
1713,0.149669
1714,0.161795
1715,0.162325
1716,0.147476
1717,0.142463
1718,0.138165
1719,0.120791
1720,0.126884
1721,0.134607
1722,0.124409
1723,0.124662
1724,0.125501
1725,0.124556
1726,0.118784
1727,0.119633
1728,0.129944
1729,0.131305
1730,0.134162
1731,0.137676
1732,0.145815
1733,0.133313
1734,0.119611
1735,0.126759
1736,0.110296
1737,0.117831
1738,0.111468
1739,0.121294
1740,0.120034
1741,0.116509
1742,0.123357
1743,0.112123
1744,0.127352
1745,0.136348
1746,0.141688
1747,0.129955
1748,0.135656
1749,0.147870
1750,0.150772
1751,0.154877
1752,0.156565
1753,0.139195
1754,0.139790
1755,0.143038
1756,0.144522
1757,0.145646
1758,0.134486
1759,0.134312
1760,0.134906
1761,0.125858
1762,0.126102
1763,0.127428
1764,0.127718
1765,0.134329
1766,0.141606
1767,0.141377
1768,0.136523
1769,0.143352
1770,0.149811
1771,0.142954
1772,0.137898
1773,0.137118
1774,0.142433
1775,0.147808
1776,0.152031
1777,0.144006
1778,0.129237
1779,0.118457
1780,0.112145
1781,0.108198
1782,0.130831
1783,0.136105
1784,0.114728
1785,0.122373
1786,0.140319
1787,0.133206
1788,0.138337
1789,0.141090
1790,0.141415
1791,0.137503
1792,0.153807
1793,0.150175
1794,0.158108
1795,0.164344
1796,0.162236
1797,0.160652
1798,0.170157
1799,0.176155
1800,0.164405
1801,0.163654
1802,0.167773
1803,0.162491
1804,0.165942
1805,0.157124
1806,0.150115
1807,0.148792
1808,0.147006
1809,0.149532
1810,0.147747
1811,0.152810
1812,0.146843
1813,0.134654
1814,0.131564
1815,0.126913
1816,0.120641
1817,0.103143
1818,0.095573
1819,0.084795
1820,0.098473
1821,0.108204
1822,0.112738
1823,0.113651
1824,0.121883
1825,0.126015
1826,0.125313
1827,0.118360
1828,0.134645
1829,0.132096
1830,0.122005
1831,0.125944
1832,0.124233
1833,0.120550
1834,0.109407
1835,0.118203
1836,0.115433
1837,0.118440
1838,0.123162
1839,0.131123
1840,0.133186
1841,0.134242
1842,0.130835
1843,0.130020
1844,0.138615
1845,0.136716
1846,0.144586
1847,0.145810
1848,0.139498
1849,0.152245
1850,0.153607
1851,0.157680
1852,0.158686
1853,0.149670
1854,0.145473
1855,0.144528
1856,0.125706
1857,0.128607
1858,0.132462
1859,0.121855
1860,0.122659
1861,0.117039
1862,0.109634
1863,0.122657
1864,0.121806
1865,0.133506
1866,0.129420
1867,0.113510
1868,0.109036
1869,0.101240
1870,0.105725
1871,0.117253
1872,0.124361
1873,0.132762
1874,0.122346
1875,0.129623
1876,0.138824
1877,0.137602
1878,0.137910
1879,0.138110
1880,0.137461
1881,0.142621
1882,0.154694
1883,0.146235
1884,0.147266
1885,0.163482
1886,0.168007
1887,0.172601
1888,0.169654
1889,0.172717
1890,0.182936
1891,0.194817
1892,0.182442
1893,0.176106
1894,0.174270
1895,0.186399
1896,0.181680
1897,0.179360
1898,0.170128
1899,0.170830
1900,0.163254
1901,0.144860
1902,0.154168
1903,0.158949
1904,0.154995
1905,0.160073
1906,0.149966
1907,0.150081
1908,0.165238
1909,0.157597
1910,0.160876
1911,0.167424
1912,0.150005
1913,0.151795
1914,0.139942
1915,0.150314
1916,0.137315
1917,0.133642
1918,0.123509
1919,0.124773
1920,0.128657
1921,0.136484
1922,0.130435
1923,0.120308
1924,0.120999
1925,0.117652
1926,0.115472
1927,0.115143
1928,0.120510
1929,0.115200
1930,0.127465
1931,0.119395
1932,0.110648
1933,0.111927
1934,0.115136
1935,0.111720
1936,0.126538
1937,0.115173
1938,0.119718
1939,0.114580
1940,0.108124
1941,0.115173
1942,0.120621
1943,0.119367
1944,0.123326
1945,0.118130
1946,0.106366
1947,0.126736
1948,0.135565
1949,0.137739
1950,0.146640
1951,0.141151
1952,0.140213
1953,0.135276
1954,0.134554
1955,0.141529
1956,0.134555
1957,0.124781
1958,0.118255
1959,0.116949
1960,0.121201
1961,0.119397
1962,0.117256
1963,0.116247
1964,0.107416
1965,0.114322
1966,0.119648
1967,0.116997
1968,0.127560
1969,0.127378
1970,0.114939
1971,0.109480
1972,0.105009
1973,0.099229
1974,0.105531
1975,0.103761
1976,0.103586
1977,0.118945
1978,0.129581
1979,0.134183
1980,0.136532
1981,0.131809
1982,0.132036
1983,0.136810
1984,0.133556
1985,0.127353
1986,0.135874
1987,0.139368
1988,0.145239
1989,0.149896
1990,0.144790
1991,0.144785
1992,0.140390
1993,0.132306
1994,0.134882
1995,0.134306
1996,0.156054
1997,0.175898
1998,0.170249
1999,0.168552
